1,8,9,10,11
0,4
3,4,17,301,302
2,4,6,86,302,307
1,2,3,5,6
4,6,7,89,91,92
3,4,5,7,89
5,6,8,89,91,92
0,7,9,92,734,735
0,8,10,11,691,692,734
0,9,11
0,9,10,12,14
11,13,14,15,687,688,689,694,718
12,14,15,16,18,717,718,719
11,12,13,15,16,17
12,13,14
13,14,17,18,19
2,14,16,289,290,295,296
13,16,19,571,572,719
16,18,569,570,571
21,24,25,94,102
20,22,23,24,25,93,94,102
21,23
21,22,24,27,28,84
20,21,23,27,28,35
20,21,26,27,102,104
25,27,35,102,104
23,24,25,26,28,29,34,83
23,24,27,29,83,84
27,28,30,33,34,35
29,33,34,77,78,80,88
32,33,34,74
31,33,40,74,736
29,30,31,32,34,39,40
27,29,30,31,33,35,38
24,26,29,34
37,104
36,38,41,43,45
34,37,39,41
33,38,40,41,47,48
32,33,39,48,736
37,38,39,46,47
43,44,104,105
37,42,44,45,105
42,43,45,52,53,54,55,57,105
37,43,44,46,51,52
41,45,47,49,50,51
39,41,46,49,50
39,40,49,69,736
46,47,48,50
46,47,49,51,52,53,70,71,73
45,46,50,52
44,45,50,51,53
44,50,52,54,69
44,53,55,67,69
44,54,56,57
55,57,65,66,67
44,55,56,58,65
57,59,60,63,65,112
58,60
58,59,61,63
60,62,63,64
61,64
58,60,61,64,65,66
61,62,63,65,66
56,57,58,63,64
56,63,64,67,68
54,56,66,68,69
66,67,69
48,53,54,67,68,70,71,72,737,740
50,69,71,72,73
50,69,70,72,73
69,70,71,73
50,70,71,72
31,32,75,736
74,76,79,735
75,77,78,690,696,735
30,76,78,79,80,82
30,76,77,79,80
75,77,78,80,81,92,735
30,77,78,79,81,82,83
79,80,82,87,89,91,92
77,80,81,83
27,28,80,82,84
23,28,83,85,87,88,89
84,86,87
3,85,87,90,306,307
81,84,85,86,90
30,84,89,91
5,6,7,81,84,88,90,91,92
86,87,89,91,92
5,7,81,88,89,90,92
5,7,8,79,81,89,90,91
21,94,96,97,98
20,21,93,96,98,102
96,97,98,99,100,101,123,124,125
93,94,95,97,98,102,103,104
93,95,96,98,102,124
93,94,95,96,97,99,100,101,102
95,98,100,101,125,128
95,98,99,101,125,126,128,129
95,98,99,100,125,129
20,21,25,26,94,96,97,98,103,105
96,102,104,105
25,26,36,42,96,103,105
42,43,44,102,103,104
107,108,131,133,158
106,108,111,133,158
106,107,109
108
111,112,113
107,110,112,113
58,110,111,113,114
110,111,112,114,158
112,113,115
114,116,118,119
115,117,118
116,118,171,175
115,116,117,119,120,194,195,196,197
115,118,120
118,119,121,199
120,122,198,199,203,204
121
95,124,125
95,97,123,125,134
95,99,100,101,123,124,134
100,127,128,129,131,132
126,128,129,140,141,143
99,100,126,127,129
100,101,126,127,128,130
129,131,132,133,144
106,126,130,132,133,144
126,130,131,133,144
106,107,130,131,132,144
124,125,135,136,138,143
134,136,137,140,141
134,135
135,138,140,141,142,143,147
134,137,139,148
138,148,152,153,154,155,156,160,259
127,135,137,141,142,143,146,148,150
127,135,137,140,146,147,150,151
137,140,143,144,146,147,148
127,134,137,140,142,144,146,148
130,131,132,133,142,143,145,146,150,158
144,148,149,150,151,158
140,141,142,143,144,147
137,141,142,146,149,150
138,139,140,142,143,145,149,152
145,147,148,150,153,154
140,141,144,145,147,149
141,145,152,158
139,148,151,153,154,155
139,149,152,154,155,156
139,149,152,153,155,156
139,152,153,154,156,157
139,153,154,155,157
155,156,161
106,107,113,144,145,151,159,160
158
139,158,161,162,170,172
157,160,162,163,164,166,170
160,161,163,164,165,167,168
161,162,164,165,166
161,162,163,166,168
162,163,166,167,169
161,163,164,165,167,168
162,165,166,169
162,164,166,169,259
165,167,168,170
160,161,169,171,172,173,236
117,170,172,173,174,175
160,170,171,173,174
170,171,172,174,236
171,172,173,175,176,218
117,171,174,176,181,182,218,236
174,175,177,178,179,187
176,178,186,187,205
176,177,179,180,182,186,187,189
176,178,180,181
178,179,181,182,184
175,179,180,182,183
175,178,180,181,183,203
181,182,186,187
180,185,186,190,191
184,186,187,188,189,192
177,178,183,184,185,187,188,189,192
176,177,178,183,185,186,189,191
185,186,189,190
178,185,186,187,188,191
184,188,191
184,187,189,190,192
185,186,191,204
194,195,197
118,193,195,196,197
118,193,194,196,198
118,194,195,197,198
118,193,194,196,198,199,200,203
121,195,196,197,199,200,203
120,121,197,198,200,201,202,203
197,198,199,201,202,203
199,200,202,203,204
199,200,201,203
121,182,197,198,199,200,201,202,204
121,192,201,203
177,206,208,218,219,220,221,230,231,236
205,207,208,209,210,211,940
206,208,209,210,211,940
205,206,207,209,210,211,212
206,207,208,210,211
206,207,208,209,211,212
206,207,208,209,210,212,940
208,210,211,213,214,215,216,217,219,940
212,214,217,940
212,213,215,216,217
212,214,216,223,224,225,229
212,214,215,217,223,224,228
212,213,214,216,224,226,940
174,175,205,219,220,221,230,231,236
205,212,218,220,221,222,230,231,236
205,218,219,221,230,231,236
205,218,219,220,222,230,231,236,237
219,221,223,231,232,233,234,235,237,238
215,216,222,224,225,226,227,228,229,233
215,216,217,223,225,226
215,223,224,226,227,228,229
217,223,224,225,227,228,229,940
223,225,226,228,229
216,223,225,226,227,229
215,223,225,226,227,228,235,944
205,218,219,220,221,231,236
205,218,219,220,221,222,230,232,236,237
222,231,233,234,235,237,238
222,223,232,234,235,237,238
222,232,233,235,237,238
222,229,232,233,234,237,238,944
170,173,175,205,218,219,220,221,230,231,237,239,240,259
221,222,231,232,233,234,235,236,238,241,242
222,232,233,234,235,237,241,244,944
236,240,245,246,248,259
236,239,241,242,245,246,248,259
237,238,240,242,243,244,247,282
237,240,241,243,244,246,247
241,242,244,247,252,277
238,241,242,243,247,277,278,280
239,240,246,248,249,259
239,240,242,245,247,248,249,250,259
241,242,243,244,246,250
239,240,245,246,249,253,257,259
245,246,248,250,253,254,257
246,247,249,251,253,254,257
250,252,254,255,256
243,251,255,256,277
248,249,250,254,257,258
249,250,251,253,255,257,258,261
251,252,254,256,262,263,264
251,252,255,264,277,281
248,249,250,253,254,258,259
253,254,257,259,260,261,266,267,269,276,838
139,168,236,239,240,245,246,248,257,258,260,266,838
258,259,261,266,267
254,258,260,262,267,268,269,271,272,273,274,275,276
255,261,263,264,265,268,269,270,271,272,273,274
255,262,264,265,270,271,272
255,256,262,263,265,270,271,272,283,287
262,263,264,270,271,272,287,288
258,259,260,267,834,838
258,260,261,266,268,269,271,272,273,274,275,276,834,838
261,262,267,269,275
258,261,262,267,268,270,273,275
262,263,264,265,269,271,272,275,276
261,262,263,264,265,267,270,272,276
261,262,263,264,265,267,270,271,276,288
261,262,267,269,274,275,276
261,262,267,273,275,276,821,834
261,267,268,269,270,273,274,276,821,834
258,261,267,270,271,272,273,274,275,286,821,834,962
243,244,252,256,278,279,280,281,282
244,277,279,280,281,282
277,278,280,281,282
244,277,278,279,281,282,283,286
256,277,278,279,280,282,283
241,277,278,279,280,281,283,284,285,286
264,280,281,282,284,285,286,287,288
282,283,285,286,287,288
282,283,284,286,287,288
276,280,282,283,284,285,287,288,960
264,265,283,284,285,286,288
265,272,283,284,285,286,287
17,291,292,293,295,440,441,569
17,293,298,569
289,292,294,378
289,291,293,294,440,441
289,290,292,294,295,296
291,292,293,295,378
17,289,293,294,296,297
17,293,295,297,298,299
295,296,298,299,340,345
290,296,297,299,300,317
296,297,298,300,301
298,299,301,302,314,316
2,299,300,302
2,3,300,301,303,304,305,306
302,304,311,313
302,303,305,306,309,311
302,304,306,307
86,302,304,305,307,308,309
3,86,305,306,746
306,309,742,746,752
304,306,308,310,742
309,311,312,319,742
303,304,310,312,313,314,315,742
310,311,313,314,319
303,311,312,314,315,316
300,311,312,313,315,316,317,318
311,313,314,318,319
300,313,314,317
298,314,316,318,340,342
314,315,317,334,342,351
310,312,315,320,321
319,322,323,335
319,322,324,325,336
320,321,323,325
320,322,324,325,326,327,328,338
321,323,326,328,329,330,332,333,336
321,322,323,326,752
323,324,325,327,752
323,326,328,330,336
323,324,327,329,330
324,328,330,331,766
324,327,328,329,766
329,332,333,775,776,861
324,331,333,338,339
324,331,332,339,774,775,776,861
318,335,351
320,334,336,337,351
321,324,327,335,337,338
335,336,338,353
323,332,336,337,339
332,333,338,363,861
297,317,341,345
340,342,344
317,318,341,343,344
342,344,347,348,351
341,342,343,345,346,347
297,340,344,346,378
344,345,347,378,379,388
343,344,346,348,349,388
343,347,349,350,351,388
347,348,350,388
348,349,357,360,390
318,334,335,343,348,352,354
351,353,354,355,356
337,352,355,356
351,352,355,357,358
352,353,354,356,359
352,353,355,359,363,366
350,354,358,360
354,357,359,360,361
355,356,358,361
350,357,358,361,362,390,402,403
358,359,360,362,403
360,361,369,375,403,425
339,356,364,367,861
363,365,367
364,367,370,372
356,367,368
363,364,365,366,370,372
366,369,370
362,368,370,371,373,375
365,367,368,369,371,372,373
369,370,373,374,375
365,367,370,373,865
369,370,371,372,374,376,865
371,373,376
362,369,371,377,425
373,374,377
375,376,425,866
291,294,345,346,379,380,381,382,386,387,388,440
346,378,380,387,388
378,379,381,386,387
378,380,382,383,384,386,387
378,381,383,384,440,442,443,447
381,382,384,443,447
381,382,383,392,393,450,452,453
386,389,390,391
378,380,381,385,387,391
378,379,380,381,386,388
346,347,348,349,378,379,387,389
385,388,390,399,401
350,360,385,389,391,397,398,399,400,401,402
385,386,390,396,397,398
384,393,394,395
384,392,394,412,453,454,457
392,393,395,411,457
392,394,396,397,410
391,395,397,408,409,410,417,418
390,391,395,396,398,399,408
390,391,397,399
389,390,397,398,400,401,402,404,423
390,399,401,402
389,390,399,400,402
360,390,399,400,401,403,404
360,361,362,402,404,424
399,402,403,405,423,424
404,406,423,424
405,408
408,421,422
396,397,406,407
396,418,421
395,396,411,415,417
394,410
393,413,414,415,416,457,458
412,414,415
412,413,415,416,419
410,412,413,414,416,418
412,414,415,417
396,410,416,418
396,409,415,417,438
414
427,439
407,409,426,427
407,426
399,404,405,424,425
403,404,405,423,425
362,375,377,423,424,434
421,422,427
420,421,426,439
430,438,439
430,432
428,429,431,432,439,461,463,464,465,466
430,432,433,472
429,430,431,433
431,432,434
425,433,435,436,437,896
434,436,437
434,435,437,493,495,896
434,435,436,493,495,896
418,428,439
420,427,428,430,438
289,292,378,382,441,442,444,578
289,292,440,442,578
382,440,441,443,444
382,383,442,444,445,447
440,442,443,445,446,447
443,444,446,448,449,578
444,445,448,449
382,383,443,444,448,450,451
445,446,447,449,451
445,446,448,578
384,447,451,452
447,448,450,452,467
384,450,451,453,454,456,467
384,393,452,454,456,468
393,452,453,455,456,457
454,456,457,458
452,453,454,455,458,459,467,469
393,394,412,454,455,458
412,455,456,457,459,460,461
456,458,460,462,470
458,459,461,463
430,458,460,462,464
459,461,463,464,466,472
430,460,462,464,465
430,461,462,463,465,466,472
430,463,464,466,472
430,462,464,465,472
451,452,456,468,583
453,467,469,470,584
456,468,470
459,468,469,473
473,474,475,584
431,462,464,465,466,474,476,478,479,502
470,471,475
471,472,475
471,473,474,479
472,477,478,481,502
476,478,479,487,491,492,1299
472,476,477,479,1280,1282,1288,1291,1295,1297
472,475,477,478,651,1374
482,484,503,505
476,484,487,502
480,483,484,487
482,486,487,488
480,481,482,485,486,487,505,506
484,486,489,506,1222,1255
483,484,485,488,490
477,481,482,483,484,488,491
483,486,487,490
485,490,1253,1257
486,488,489,491,492
477,487,490,492
477,490,491,1257,1259
436,437,494,495
493,495
436,437,493,494,496,889,890
495,497
496,498,507
497,499,507
498,500,507,508
499,501,508,509
500,502,503,505,506,530
472,476,481,501,503,504,506
480,501,502,505,506
502,505
480,484,501,503,504,506
484,485,501,502,503,505,530,1222,1223,1225,1226
497,498,499,508,512,526,915
499,500,507,510,512
500,510,511,514,525,526,527
508,509,511,512,526
509,510,512,527
507,508,510,511,513
512,516,915
509,515,516,526,531,915
514,531,532
513,514,517,526
516,518,523,917
517,519,523
518,520,523,919,939
519,521,523
520,522,523
521,523,919,932
517,518,519,520,521,522,524,542,919,928,932
523,567,568,1029,1052,1055,1071
509,526,528,529
507,509,510,514,516,525,527,531
509,511,526,529
525,529,530
525,527,528,530,531
501,506,528,529,531,537,539,540,541
514,515,526,529,530,532,533,542
515,531,542,917
531,534,547
533,535,536
534,536,545,546,547
534,535,537,544,545
530,536,538,539,544,545,547
537,539,540,541,543
530,537,538,540
530,538,539,541
530,538,540,543
523,531,532,545,547,550
538,541,544,545
536,537,543,545
535,536,537,542,543,544,546,547
535,545,547,548,549
533,535,537,542,545,546,549,550
546,549,550,560
546,547,548,550,560,565
542,547,548,549,560,564,565
552,553,554,1226,1231
551,553,558,564
551,552,554,556,557,558
551,553,556,557,558,559,1146,1233
556,561,562,563,564,566,1146
553,554,555,557,561,562,563,566
553,554,556,558,559
552,553,554,557,559
554,557,558,560,561
548,549,550,559,561
555,556,559,560,562
555,556,561,563,565,566
555,556,562,564,565,566
550,552,555,555,556,561,562,563,563,565,566,567,568,1094,1146,1147
549,550,562,563,564,566
555,556,562,563,565
524,564,568
524,564,567,1072
19,289,290,570,574,575,576,578,581,583
19,569,571,572,574
18,19,570,572
18,570,571,573,600,604,605,606,715,719
572,574,603,604
569,570,573,575,576,591,601,602
569,574,576,577,578,580,583,590,591
569,574,575,577,589
575,576,578,579,580
440,441,445,449,569,575,577,579,580,581,582
577,578,580,581,582,583
575,577,578,579,581,582,583
569,578,579,580,582,584,589,590
578,579,580,581,583,584
467,569,575,579,580,582,584,585,589
468,471,581,582,583,585,586,587,588,650
583,584,586,588,589
584,585,587,588,591,592,594
584,586,588,594,596,650
584,585,586,587,590,592,594,595,596
576,581,583,585,590,591,592,596
575,581,588,589,591,592
574,575,586,589,590,592
586,588,589,590,591,593,595
592,594,595,602
586,587,588,593,595,596,597,602
588,592,593,594,596,649
587,588,589,594,595,597,640
594,596,598,599,601,602,603
597,599,600,601,602
597,598,600,606,608,636
572,598,599,601,604,606,608
574,597,598,600,602,603
574,593,594,597,598,601,603,604
573,597,601,602,604
572,573,600,602,603
572,606,715,720
572,599,600,605,607,608
606,608,610,611,612,613,720,721,724
599,600,606,607,609,610,635,636
608,610,630
607,608,609,611,612,617
607,610,612,613,724
607,610,611,613,617,724,725
607,611,612,614,616,617,725,733
613,615,616,623,624,627,733
614,616,623,624,627,733
613,614,615,617,618,621,623,624,625
610,612,613,616,618,619,620,621,629,630
616,617,619,620,621,622,623,629
617,618,620,621,622
617,618,619,621,622
616,617,618,619,620,622,623,627
618,619,620,621,623,624,627
614,615,616,618,621,622,624,625
614,615,616,622,623,625,626,627
616,623,624,626
624,625,627
614,615,621,622,624,626,628,629
627,629,631,632,633,634,682,685,686
617,618,627,628,630,631
609,617,629,635
628,629,632,633,634
628,631,633,634,635
628,631,632,634,635
628,631,632,633,635
608,630,632,633,634,676
599,608,637,638,639,646,676
636,638,643,644,645,676
636,637,639,644
636,638,640,643,644
596,639,641,642,643,647,648,649
640,642,647,648,649
640,641,647,648,669,671
637,639,640,644,645,647
637,638,639,643,645,646
637,643,644,646,675,676
636,644,645,676
640,641,642,643,648,669,671,674,676
640,641,642,647,649,653,671
595,640,641,648,650,651,652,653
584,587,649,651,652,653,654
479,649,650,652,653,654,656,1375
649,650,651,653,654
648,649,650,651,652,654,669,670,671
650,651,652,653,656,669,670
656,668,670,672,677,678,679
651,654,655,657,667,668,677,678,1375
656,658,659,660,665,666,1375
657,659,661,665,666,667,677,680,681
657,658,660,661,662
657,659,661,1375,1412,1417,1419
658,659,660,662,663,667,1412
659,661,663,664,681,682,1412
661,662,664,681
662,663,665,681,682,683
657,658,664,666,667,680
657,658,665,667,679,680,681
656,658,661,665,666,668,680,681
655,656,667,677,678,679
642,647,653,654,670,672
653,654,655,669,672
642,647,648,653,672,674
655,669,670,671,673,674,678,679
672,674,675,676,678
647,671,672,673,675,676
645,673,674,676
635,636,637,645,646,647,673,674,675,677
655,656,658,668,676,678,680,682,684
655,656,668,672,673,677,679
655,666,668,672,678,680
658,665,666,667,677,679,681,683,684
658,662,663,664,666,667,680,682,683
628,662,664,677,681,683,684,685,1411,1412
664,680,681,682,684,685,1411
677,680,682,683,685,1411
628,682,683,684,686,1411,1413,1416,1422,1429
628,685,1435
12,688,690,691,692,700,702,734,741
12,687,689,692,702
12,688,694,695,702,720
76,687,696,700,701,734
9,687,692,734
9,687,688,691,734
694,714,716,717,720
12,689,693,695,703,704,714,717,720
689,694,702,704,705,711
76,690,697,698,700,701,735
696,698,730,731,732,738
696,697,699,708
698,701,708
687,690,696,701
690,696,699,700,702,735,741
687,688,689,695,701,708,709,710,720
694,704,714,715,717,720
694,695,703,705,710,719,720
695,704,711,714,715,716
707,713,722
706,708,709,713
698,699,702,707
702,707,710,711,713,720
702,704,709,711,712
695,705,709,710,713,714,716
710,715,721
706,707,709,711,722,723
693,694,703,705,711,715
572,605,703,705,712,714,716,720,721
693,705,711,715,720
13,693,694,703,718,719
12,13,717,719
13,18,572,704,717,718
605,607,689,693,694,702,703,704,709,715,716
607,712,715,724
706,713,723,724
713,722,732
607,611,612,721,722,725,732,733
612,613,724,733
727,728,729,737
726,729,736,737,739,740
726,729,736
726,727,728,730,731,732,735,736
697,729,731,732,738
697,729,730,732,738
697,723,724,729,730,731,738
613,614,615,724,725
8,9,687,690,691,692,735
8,75,76,79,696,701,729,734,736,741
32,40,48,74,727,728,729,735,737
69,726,727,736,739,740
697,730,731,732,739
727,737,738,740
69,727,737,739
687,701,735
308,309,310,311,743,744,749,751,752,753,755,759,761
742,744,751,752,753,759,760,761
742,743,750,751,752,753,759
746,748,749,750,752,753,754,755,756,757,759,763,765
307,308,745,747,748,749,750,753,755,756,757,759
746,748,755
745,746,747,749,750,754,755,756,757,759,763,765
742,745,746,748,750,754,755
744,745,746,748,749,752,754,755
742,743,744,752,753,759
308,325,326,742,743,744,745,750,751,753,754,759
742,743,744,745,746,751,752,758,759
745,748,749,750,752,755,756,757,758,761,762,763
742,745,746,747,748,749,750,754,756,757,763
745,746,748,754,755,757,763,764
745,746,748,754,755,756,763,764
753,754,759,760,761,762,764,766,768,771,772
742,743,744,745,746,748,751,752,753,758,760
743,758,759,761,762,764,766,767,768,771
742,743,754,758,760,762,765,766
754,758,760,761,763,764,765,766,768,772
745,748,754,755,756,757,762,764
756,757,758,760,762,763,765,766,768,777
745,748,761,762,764,766
329,330,758,760,761,762,764,765,767,768,771,772
760,766,768,770,771,773,774
758,760,762,764,766,767,769,770,777
768,770,771,772,777,779,790
767,768,769,771,772,777,790
758,760,766,767,769,770,772,773,777,781
758,762,766,769,770,771,777,790
767,771,774,780,781,782
333,767,773,775,776,782
331,333,774,776,781,782
331,333,774,775,781,782,796,797,861
764,768,769,770,771,772
779,790,792,793,794
769,778,790
773,781,783,786,790
771,773,775,776,780,782,783
773,774,775,776,781,783,785
780,781,782,784,785,786
783,785,786,787,789,790,791,814
782,783,784,786,787
780,783,784,785,787,788,796
784,785,786,788,789,791
786,787,789,791,796,800,810,811
784,787,788,791
769,770,772,778,779,780,784,791,794
784,787,788,789,790,792,793,795,812,814
778,791,793,794,795
778,791,792,794,795
778,790,792,793,795
791,792,793,794,814
776,786,788,797,798,800,801,806,807,808,811
776,796,798,801,802,808,861
796,797,799,801,802,846,860
798,801,802,806,807,846,860
788,796,801,806,807,808,811
796,797,798,799,800,802,806
797,798,799,801,803,806,809,816,823
802,816,817,818,819,821,839,840
805,823,825
804,810,823,825,826,837
796,799,800,801,802,807,808,809
796,799,800,806,808,809,811
796,797,800,806,807,809,810,811
802,806,807,808,810,811,823
788,805,808,809,813,815
788,796,800,807,808,809
791,813,814,815
810,812,814,815
784,791,795,812,813,815
810,812,813,814,837
802,803,817,818,819,820,823,839,840
803,816,818,819,839
803,816,817,819,822,839
803,816,817,818,820,830,839
816,819,821,830,839
274,275,276,803,820,830
818,823,824,825,827,829,830,832,834
802,804,805,809,816,822,824,825
822,823,825,826,828,829
804,805,822,823,824,826
805,824,825,827,828,832,837
822,826,828,831,832
824,826,827,829,831,837
822,824,828,830,834
819,820,821,822,829,834
827,828,832,837
822,826,827,831,833,835,837
832,834,835,836
266,267,274,275,276,822,829,830,833
832,833,836,838
833,835,838
805,815,826,828,831,832,838
258,259,266,267,835,836,837
803,816,817,818,819,820
803,816,841,846,962,974
840,842,847,848
841,843,962,977
842,844,845,848,1010
843,845,873,969,977,1010
843,844,873
798,799,840,847,849,850
841,846,848,849,850,852
841,843,847,867,873
846,847,850
846,847,849,851,852
850,852
847,850,851,867
854,855,860
853,855,872,879
853,854,856,858,860,871
855,857,860,861
856,858,859,862
855,857,859,871,879
857,858,862,880,886,887
798,799,853,855,856,861
331,333,339,363,776,797,856,860,862,863,864
857,859,861,863,887
861,862,864,895
861,863,865,866,894
372,373,864,866,894
377,864,865,894,895
848,852,868,869
867,869,870,872
867,868,870,871,872
868,869,871,872,879
855,858,869,870
854,868,869,870,879
844,845,848,874
873,875,876,900
874,899,900
874,877,878,899,900,902
876,878,881,883
876,877,883,904,905
854,858,870,872,880
859,879,881,882,886
877,880,882,883,884
880,881,885,886,888
877,878,881,884,904,905
881,883,904,905,910
882,889,892,912,913,914,916
859,880,882,887,888
859,862,886,888,889,897
882,886,887,889
495,885,887,888,890,893,897,898
495,889,891,893,898
890,892
885,891,915
889,890,894,895,896,897
864,865,866,893
863,866,893,896
434,436,437,893,895,897
887,889,893,896,898
889,890,897
875,876,900,901
874,875,876,899,901,902
899,900,902,906,1012
876,900,901,903,906,908
902,904,908
878,883,884,903,905
878,883,884,904,912
901,902,907
906,909,927,1012
902,903,909,910
907,908,922,927
884,908,911,912,913
910,914
885,905,910,913,922,923,926
885,910,912,914
885,911,913,916,917
507,513,514,892,916,918
885,914,915,917,918,926
517,532,914,916,918
915,916,917,919
519,522,523,918,926,935,938,939
921,924,925,927
920,924,925
909,912,923,924
912,922,926
920,921,922,925
920,921,924,926,927,937
912,916,919,923,925,937,938
907,909,920,925,928,929,1013,1015
523,927,930,931,1015,1028
927,930,931,937
928,929,931,934,1028
928,929,930,933,934
522,523,933,934,939
931,932,934
930,931,932,933,935,936,937
919,934,936,938
934,935,939
925,926,929,934,938
919,926,935,937
519,919,932,936
206,207,211,212,213,217,226,941,942,943,944
940,942,943,944,945
940,941,943
940,941,942,946
229,235,238,940,941,945,950,951,953,955
941,944,946,950
943,945,947,948,949
946,948,949
946,947,949,955,994
946,947,948
944,945,951,953
944,950,952,953,960
951,953,954,955,956,959
944,950,951,952,954,955
952,953,955,956
944,948,952,953,954,957,994
952,954,957,958
955,956,958,963
956,957,959,964,966
952,958,960,961
286,951,959,961
959,960,962,966,967
276,840,842,961,967,974
957,964,988
958,963,965,970
964,967,968,970,973
958,961,967
961,962,965,966,973,974
965,970,973,975
844,975,976,977,978,1010
964,965,968,971
970,972,980,982,983,984,986,989,990
971,979,980,982,984
965,967,968,974,977
840,962,967,973
968,969,976,978
969,975,977,978,1007,1008,1009,1010
842,844,969,973,976
969,975,976,979,983,1004,1006,1007
972,978,980,981,982,983,984,989,999,1004
971,972,979,981,982,984,989,998,999,1004
979,980,983,991
971,972,979,980,984,989,993
971,978,979,981
971,972,979,980,982,986,988
986,988,989,990
971,984,985,987,989,990
986,989,990
963,984,985,994
971,979,980,982,985,986,987,990,991
971,985,986,987,989,991,994
981,989,990,992,993,994,995,999
991,993,994,995,996,999
982,991,992,995,998,999
948,955,988,990,991,992
991,992,993,996,999
992,995,997,998,1000,1001
996,999,1000
980,993,996,1001,1002,1003,1004
979,980,991,992,993,995,997,1001
996,997,1001,1016,1017
996,998,999,1000,1002,1003,1004
998,1001,1003,1004,1005,1006
998,1001,1002,1004,1005
978,979,980,998,1001,1002,1003,1005,1006
1002,1003,1004,1006,1016
978,1002,1004,1005,1007,1008,1011,1012
976,978,1006,1008
976,1006,1007,1009
976,1008,1010
843,844,969,976,1009
1006,1012,1016
901,907,1006,1011,1013,1014,1015,1018
927,1012,1014,1015
1012,1013,1015,1018,1019
927,928,1012,1013,1014
1000,1005,1011,1017,1018
1000,1016,1018,1020,1021
1012,1014,1016,1017,1019,1020
1014,1018,1020,1031
1017,1018,1019,1021,1023,1031,1036,1037
1017,1020,1022,1023,1024
1021,1024,1025
1020,1021,1024,1037,1041
1021,1022,1023,1025,1041
1022,1024,1041,1042,1043
1027,1028,1030,1031
1026,1031,1032
928,930,1026,1029,1030
524,1028,1030,1047,1051
1026,1028,1029,1046
1019,1020,1026,1027,1032,1036
1027,1031,1033,1038,1039,1046
1032,1034,1035,1048
1033,1035,1039,1048
1033,1034,1037,1040,1048,1049,1050
1020,1031,1037,1038
1020,1023,1035,1036,1038,1041,1044,1049
1032,1036,1037,1039,1040
1032,1034,1038,1040
1035,1038,1039,1049
1023,1024,1025,1037,1042,1044
1025,1041,1043,1044
1025,1042
1037,1041,1042,1045,1066
1044,1066,1067
1030,1032,1047
1029,1046,1048,1052,1053
1033,1034,1035,1047,1049,1054,1057
1035,1037,1040,1048,1050,1057
1035,1049,1058,1059
1029,1052,1053
524,1047,1051,1053,1055
1047,1051,1052,1054,1055
1048,1053,1056,1057,1061
524,1052,1053,1061
1054,1057,1061
1048,1049,1054,1056,1058,1060,1061
1050,1057,1059,1060,1061,1062
1050,1058,1063,1064,1065,1068
1057,1058,1062
1054,1055,1056,1057,1058
1058,1060,1063
1059,1062,1064
1059,1063,1065
1059,1064,1068
1044,1045,1067,1068
1045,1066,1068,1069,1070
1059,1065,1066,1067,1069,1070
1067,1068,1070
1067,1068,1069
524,1072,1073
568,1071,1073,1094
1071,1072,1074,1075,1076,1094
1073,1075,1076,1077,1078,1079,1080,1084,1097
1073,1074,1076,1096
1073,1074,1075,1095,1096
1074,1078,1079,1080,1083,1084,1096
1074,1077,1079,1080,1081,1082,1083,1084,1096
1074,1077,1078,1080,1081,1083,1084,1096
1074,1077,1078,1079,1081,1083,1084,1096
1078,1079,1080,1082,1083,1088,1089
1078,1081,1083,1086,1088,1089,1145
1077,1078,1079,1080,1081,1082,1084,1085,1086,1096,1145
1074,1077,1078,1079,1080,1083,1096
1083,1086,1087,1092
1082,1083,1085,1088
1085,1089,1090,1092
1081,1082,1086,1089
1081,1082,1087,1088,1090
1087,1089,1091,1092,1093,1097,1098,1106,1108
1090,1092,1093,1097,1098,1106,1107,1108
1085,1087,1090,1091,1093,1097,1098,1106,1107
1090,1091,1092,1097,1098,1106
564,1072,1073,1095,1099,1100,1101,1102,1149
1076,1094,1096,1098,1099,1100,1101
1075,1076,1077,1078,1079,1080,1083,1084,1095,1098
1074,1090,1091,1092,1093,1098,1106,1107
1090,1091,1092,1093,1095,1096,1097,1099,1106
1094,1095,1098,1100,1101,1106
1094,1095,1099,1101,1102
1094,1095,1099,1100,1102,1103,1104,1105
1094,1100,1101,1103,1104,1105
1101,1102,1104,1105
1101,1102,1103,1105
1101,1102,1103,1104,1150
1090,1091,1092,1093,1097,1098,1099,1107
1091,1092,1097,1106,1108,1109,1126,1142
1090,1091,1107,1109,1126
1107,1108,1110,1125
1109,1111,1125
1110,1112,1115,1120,1122,1125
1111,1113,1115,1120,1122
1112,1116
1115,1116,1119,1120
1111,1112,1114,1116,1120,1122
1113,1114,1115,1117,1118,1119
1116,1118
1116,1117
1114,1116,1120
1111,1112,1114,1115,1119,1121,1122
1120,1122,1128
1111,1112,1115,1120,1121,1123,1124,1128
1122,1124,1127,1128,1129
1122,1123,1125,1126
1109,1110,1111,1124,1126
1107,1108,1124,1125,1127,1131,1136,1141
1123,1126,1129,1131
1121,1122,1123,1129
1123,1127,1128,1130,1131
1129,1131
1126,1127,1129,1130,1132
1131,1133,1134,1135,1136,1137,1138,1139,1140
1132,1134,1135,1136,1137
1132,1133,1135,1136,1137,1138
1132,1133,1134,1137,1138,1139,1140
1126,1132,1133,1134,1137,1141
1132,1133,1134,1135,1136,1138,1141
1132,1134,1135,1137,1139,1140
1132,1135,1138,1140
1132,1135,1138,1139,1141
1126,1136,1137,1140,1142,1143,1144
1107,1141,1143,1144
1141,1142,1144,1145
1141,1142,1143,1145
1082,1083,1143,1144
554,555,564,1147,1148,1154
564,1146,1148
1146,1147,1149,1155
1094,1148,1157
1105,1161,1163
1152,1153,1169,1233
1151,1153,1154
1151,1152,1154,1169
1146,1152,1153,1155,1156
1148,1154,1156,1157
1154,1155,1158,1170,1190
1149,1155,1158,1159
1156,1157,1160,1192
1157,1160,1161
1158,1159,1161,1192,1194
1150,1159,1160,1162,1163,1194,1195
1161,1163,1164,1192,1195
1150,1161,1162,1164,1165
1162,1163,1166,1197
1163,1166,1167
1164,1165,1168,1198
1165,1168,1203
1166,1167,1202,1203
1151,1153,1170,1171,1172,1234
1156,1169,1172
1169,1172,1173,1251,1276
1169,1170,1171,1173,1174,1175,1190
1171,1172,1174,1175,1276,1277
1172,1173,1175,1176,1178,1179,1180,1184
1172,1173,1174,1178
1174,1177,1178,1179,1191
1176,1178,1181,1183
1174,1175,1176,1177,1179,1180,1183
1174,1176,1178,1180,1183,1278
1174,1178,1179,1181,1182,1183
1177,1180,1182,1185
1180,1181,1183,1184
1177,1178,1179,1180,1182,1184,1278
1174,1182,1183,1186,1278
1181,1186,1187,1191
1184,1185,1187,1279
1185,1186,1188,1189,1193,1279
1187,1189,1279,1465
1187,1188
1156,1172,1191,1192
1176,1185,1190,1192,1193
1158,1160,1162,1190,1191,1193,1194
1187,1191,1192,1194,1195,1196
1160,1161,1192,1193,1195,1197
1161,1162,1193,1194,1196,1197
1193,1195,1197,1199
1164,1194,1195,1196,1198,1199,1200
1166,1197,1200,1202
1196,1197,1200
1197,1198,1199,1201
1200,1202,1204,1205
1168,1198,1201,1203,1204
1167,1168,1202
1201,1202,1205,1206
1201,1204,1206
1204,1205,1207
1206,1208,1209
1207,1209,1214
1207,1208,1212
1211,1221
1210,1212,1213
1209,1211,1213,1214
1211,1212,1214,1220,1221
1208,1212,1213,1215,1216,1218
1214,1216,1217,1218
1214,1215,1217
1215,1216,1218,1465
1214,1215,1217,1219,1220,1465
1218,1220,1465
1213,1218,1219,1221,1465
1210,1213,1220,1465
485,506,1223,1235,1236,1237,1252
506,1222,1224,1225,1226
1223,1225,1226,1241
506,1223,1224,1226
506,551,1223,1224,1225,1227,1228,1241
1226,1228,1231
1226,1227,1231,1232,1242
1230,1232
1229,1231,1233,1234
551,1227,1228,1230,1232,1233
1228,1229,1231,1233,1234
554,1151,1230,1231,1232,1234,1251
1169,1230,1232,1233,1248,1249,1251
1222,1236,1252
1222,1235,1237,1255
1222,1236,1238,1239
1237,1239,1240,1241
1237,1238,1240,1264
1238,1239,1241,1255,1264
1224,1226,1238,1240,1242,1244,1264
1228,1241,1243,1244,1245
1242,1244,1245,1246
1241,1242,1243,1245,1247,1248,1265
1242,1243,1244,1246,1247,1248
1243,1245,1247,1248,1251
1244,1245,1246,1248,1250,1264,1267
1234,1244,1245,1246,1247,1249,1250
1234,1248,1250,1251
1247,1248,1249,1251,1267
1171,1233,1234,1246,1249,1250,1264,1265,1266,1267,1268,1269
1222,1235,1253,1254,1255
489,1252,1254,1257,1258
1252,1253,1255,1256,1258,1261
485,1236,1240,1252,1254,1256,1261,1262,1264
1254,1255,1258,1261
489,492,1253,1258,1259
1253,1254,1256,1257,1259,1261
492,1257,1258,1260,1299
1259,1261,1262,1263,1300,1301
1254,1255,1256,1258,1260,1262,1263
1255,1260,1261,1263,1271
1260,1261,1262,1271
1239,1240,1241,1247,1251,1255,1265,1266,1271
1244,1251,1264,1266,1271,1272
1251,1264,1265,1268,1272
1247,1250,1251,1268,1269
1251,1266,1267,1269,1270,1275
1251,1267,1268,1270,1276
1268,1269,1273,1275
1262,1263,1264,1265,1272,1301,1321
1265,1266,1271,1273,1274,1321
1270,1272,1274,1275
1272,1273,1275,1276,1321,1326
1268,1270,1273,1274,1276,1326,1327,1328
1171,1173,1269,1274,1275,1277,1328
1173,1276,1278,1328
1179,1183,1184,1277,1279,1328
1186,1187,1188,1278,1328
478,1281,1283,1284,1312,1369,1374
1280,1312,1315,1369,1460
478,1283
1280,1282,1284,1285,1286,1287,1288,1289,1290
1280,1283,1285,1288
1283,1284,1286,1288,1292
1283,1285,1287,1288,1289
1283,1286,1288,1289,1290
478,1283,1284,1285,1286,1287
1283,1286,1287,1290,1292
1283,1287,1289,1292
478,1293,1295
1285,1289,1290
1291,1294,1295
1293,1295,1296,1298,1304,1305
478,1291,1293,1294,1296,1297
1294,1295,1298
478,1295,1298,1299
1294,1296,1297,1300,1301,1302
477,1259,1297,1300
1260,1298,1299,1301
1260,1271,1298,1300,1302,1321,1322
1298,1301,1303,1322,1323
1302,1304,1323
1294,1303,1305
1294,1304,1306,1318
1305,1307,1312
1306,1308,1309
1307,1309
1307,1308,1310,1312,1313,1315
1309,1311,1312,1315
1310,1312
1280,1281,1306,1309,1310,1311,1313,1315
1309,1312,1314,1315,1317
1313,1315,1316,1317,1319
1281,1309,1310,1312,1313,1314,1316,1460
1314,1315,1336,1337,1338,1460
1313,1314,1318,1319
1305,1317,1319,1321,1323,1324
1314,1317,1318,1320,1331,1333
1319,1329,1331
1271,1272,1274,1301,1318,1322,1326
1301,1302,1321,1323,1324,1325
1302,1303,1318,1322,1324
1318,1322,1323
1322,1326,1329
1274,1275,1321,1325,1327,1329,1330
1275,1326,1328,1330
1275,1276,1277,1278,1279,1327,1330,1465
1320,1325,1326,1330,1331
1326,1327,1328,1329,1332
1319,1320,1329,1332,1333,1337
1330,1331,1334
1319,1331,1334,1335,1336
1332,1333,1335,1448,1451,1456
1333,1334,1336,1448,1449,1450
1316,1333,1335,1337
1316,1331,1336,1338,1339
1316,1337,1340,1455,1460
1337,1340,1450,1454,1455,1456
1338,1339
1346,1347,1462,1470
1343,1344,1345,1347,1348,1349,1350,1354,1355,1356
1342,1344,1345,1354,1355,1356,1462
1342,1343,1345,1348,1349,1350,1354,1355,1356
1342,1343,1344,1348,1349,1350,1354,1355,1356,1357
1341,1347,1348
1341,1342,1346,1349
1342,1344,1345,1346,1349,1350,1354
1342,1344,1345,1347,1348,1350
1342,1344,1345,1348,1349,1354
1352,1353,1354,1409
1351,1353,1409
1351,1352,1354
1342,1343,1344,1345,1348,1350,1351,1353,1355,1356,1388
1342,1343,1344,1345,1354,1356,1357,1462
1342,1343,1344,1345,1354,1355,1357,1358,1359,1360,1388
1345,1355,1356,1358,1462
1356,1357,1359,1363,1364,1365,1460
1356,1358,1360,1362,1363,1365,1369
1356,1359,1388
1362,1367,1379,1380,1384,1385,1388
1359,1361,1369,1384,1385,1388
1358,1359,1364,1365
1358,1363,1365,1460
1358,1359,1363,1364,1460
1383,1385
1361,1372,1379,1380,1385
1369,1371,1374
1280,1281,1359,1362,1368,1370,1373,1374,1376,1460
1369,1371,1372,1373,1376
1368,1370,1372,1373,1376
1367,1370,1371,1373,1376,1379,1380
1369,1370,1371,1372,1374,1376
479,1280,1368,1369,1373,1375,1376
651,656,657,660,1374,1376,1377,1378,1380,1381,1383
1369,1370,1371,1372,1373,1374,1375
1375,1378,1379,1396
1375,1377,1381,1386,1395,1396,1419
1361,1367,1372,1377,1380,1383,1385
1361,1367,1372,1375,1379,1383,1384
1375,1378,1382,1386,1387,1392,1393,1410
1381,1386,1387,1393,1428
1366,1375,1379,1380,1384,1386
1361,1362,1380,1383,1385,1386
1361,1362,1366,1367,1379,1384,1386,1388
1378,1381,1382,1383,1384,1385,1387,1388,1390,1391,1392,1393,1406,1410
1381,1382,1386,1388,1391,1392
1354,1356,1360,1361,1362,1385,1386,1387,1389,1390,1392
1388,1390,1393,1394,1397,1398,1406,1408,1409
1386,1388,1389,1391,1392,1394,1396,1398,1406
1386,1387,1390,1392,1393,1406,1410
1381,1386,1387,1388,1390,1391,1393,1406,1410
1381,1382,1386,1389,1391,1392,1406,1410
1389,1390,1396,1397,1408
1378,1402,1403,1404,1407,1439
1377,1378,1390,1394,1397,1406,1408
1389,1394,1396,1398,1403,1404,1408,1409
1389,1390,1397,1399,1400,1401,1408,1409
1398,1400,1401,1409
1398,1399,1401,1409
1398,1399,1400,1409
1395,1403,1404,1408
1395,1397,1402,1404,1408
1395,1397,1402,1403,1407
1407,1421,1439
1386,1389,1390,1391,1392,1393,1396,1410
1395,1404,1405
1389,1394,1396,1397,1398,1402,1403
1351,1352,1389,1397,1398,1399,1400,1401
1381,1386,1391,1392,1393,1406
682,683,684,685,1412,1413
660,661,662,682,1411,1413,1415,1417,1418
685,1411,1412,1415
1429,1431,1433,1437,1438
1412,1413,1416,1417,1418
685,1415,1422,1423,1424
660,1412,1415,1418,1419
1412,1415,1417,1419
660,1378,1417,1418,1420
1419,1423
1405,1426,1434,1439,1442
685,1416,1424,1430,1432
1416,1420,1425
1416,1422,1425
1423,1424,1427,1432
1421,1434,1436,1440,1444
1425,1428,1431,1433,1435
1382,1427,1433,1435,1437,1439
685,1414,1430,1434,1436
1422,1429,1432
1414,1427,1432,1433,1437
1422,1425,1430,1431,1433
1414,1427,1428,1431,1432,1435,1437
1421,1426,1429,1436,1442,1444
686,1427,1428,1433
1426,1429,1434,1444,1446
1414,1428,1431,1433,1438
1414,1437,1439,1442
1395,1405,1421,1428,1438,1443
1426,1441,1443,1445,1446
1440,1444,1445
1421,1434,1438
1439,1440,1445,1447
1426,1434,1436,1441,1446
1440,1441,1443,1446,1447
1436,1440,1444,1445,1447
1443,1445,1446
1334,1335,1449,1451
1335,1448,1450,1451,1452
1335,1339,1449,1454
1334,1448,1449,1452,1453,1465
1449,1451,1453
1451,1452
1339,1450,1455,1465
1338,1339,1454,1456,1457
1334,1339,1455,1457,1458,1465
1455,1456,1458,1459,1460
1456,1457,1459,1460
1457,1458,1463,1464
1281,1315,1316,1338,1358,1364,1365,1369,1457,1458,1461,1462
1460,1462,1463
1341,1343,1355,1357,1460,1461,1463,1464,1465,1466,1470
1459,1461,1462,1464,1466
1459,1462,1463,1465,1466
1188,1217,1218,1219,1220,1221,1328,1451,1454,1456,1462,1464
1462,1463,1464,1467
1466,1468
1467,1469,1470
1468,1470,1471
1341,1462,1468,1469,1471
1469,1470
